time,value
1618266061117,17948.59
1618266064001,17948.809999999998
1618266065816,17948.91
1618266067311,17948.91
1618266069781,17948.91
1618266302893,17947.86
1618266603363,17947.92
1618266902830,17947.95
1618267203345,17938.34
1618267502776,17947.760000000002
